model,accuracy,f1,roc_auc
logreg,0.8097560975609757,0.8311688311688312,0.9298095238095239
svm_rbf,0.9317073170731708,0.9333333333333333,0.9771428571428571
rf,1.0,1.0,1.0
